,,,,,,,,Points,Points,Points,,Top Players,Top Players,Top Players,Top Players,Off Rank,Off Rank,Def Rank,Def Rank,Overall Rank,Overall Rank,Overall Rank,Overall Rank,Simple Rating System,Simple Rating System,Simple Rating System,Simple Rating System,Simple Rating System
Year,Lg,Tm,W,L,T,Div. Finish,Playoffs,PF,PA,PD,Coaches,AV,Passer,Rusher,Receiver,Pts,Yds,Pts,Yds,T/G,Pts±,Yds±,out of,MoV,SoS,SRS,OSRS,DSRS
2022,NFL,Chicago Bears,3,14,0,4th of 4,,326,463,-137,Eberflus,Fields,Fields,Fields,Kmet,23,28,32,29,20,31,31,32,-8.1,1.6,-6.4,-2.5,-4.0
2021,NFL,Chicago Bears,6,11,0,3rd of 4,,311,407,-96,Nagy,Smith,Fields,Montgomery,Mooney,27,24,22,6,29,24,20,32,-5.6,0.5,-5.2,-4.9,-0.3
2020,NFL,Chicago Bears*,8,8,0,2nd of 4,Lost WC,372,370,2,Nagy,Smith,Trubisky,Montgomery,Robinson,22,26,14,11,23,15,20,32,0.1,0.1,0.2,-2.2,2.4
2019,NFL,Chicago Bears,8,8,0,3rd of 4,,280,298,-18,Nagy,Mack,Trubisky,Montgomery,Robinson,29,29,4,8,15,19,21,32,-1.1,0.2,-0.9,-5.4,4.5
2018,NFL,Chicago Bears*,12,4,0,1st of 4,Lost WC,421,283,138,Nagy,Mack,Trubisky,Howard,Robinson,9,21,1,3,3,4,5,32,8.6,-2.3,6.3,1.5,4.8
2017,NFL,Chicago Bears,5,11,0,4th of 4,,264,320,-56,Fox,Hicks,Trubisky,Howard,Wright,29,30,9,10,15,20,26,32,-3.5,2.2,-1.3,-4.6,3.3
2016,NFL,Chicago Bears,3,13,0,4th of 4,,279,399,-120,Fox,Howard,Barkley,Howard,Meredith,28,15,24,15,31,28,12,32,-7.5,0.0,-7.5,-5.2,-2.3
2015,NFL,Chicago Bears,6,10,0,4th of 4,,335,397,-62,Fox,Cutler,Cutler,Forte,Jeffery,23,21,20,14,19,21,16,32,-3.9,2.6,-1.3,-0.1,-1.2
2014,NFL,Chicago Bears,5,11,0,4th of 4,,319,442,-123,Trestman,Forte,Cutler,Forte,Jeffery,23,21,31,30,22,27,28,32,-7.7,1.0,-6.7,-2.0,-4.7
2013,NFL,Chicago Bears,8,8,0,2nd of 4,,445,478,-33,Trestman,Forte,Cutler,Forte,Jeffery,2,8,30,30,11,21,19,32,-2.1,-2.1,-4.1,3.0,-7.1
2012,NFL,Chicago Bears,10,6,0,3rd of 4,,375,277,98,Smith,Tillman,Cutler,Forte,Marshall,16,28,3,5,2,6,16,32,6.1,0.8,6.9,1.0,6.0
2011,NFL,Chicago Bears,8,8,0,3rd of 4,,353,341,12,Smith,Peppers,Cutler,Forte,Knox,17,24,14,17,11,16,26,32,0.8,0.9,1.7,-1.5,3.1
2010,NFL,Chicago Bears*,11,5,0,1st of 4,Lost Conf,334,286,48,Smith,Peppers,Cutler,Forte,Knox,21,30,4,9,11,10,22,32,3.0,1.1,4.1,-0.6,4.7
2009,NFL,Chicago Bears,7,9,0,3rd of 4,,327,375,-48,Smith,Cutler,Cutler,Forte,Hester,19,23,21,17,23,21,23,32,-3.0,-0.9,-3.9,-1.9,-2.0
2008,NFL,Chicago Bears,9,7,0,2nd of 4,,375,350,25,Smith,Briggs,Orton,Forte,Hester,14,26,16,21,8,17,25,32,1.6,0.5,2.1,1.1,1.0
2007,NFL,Chicago Bears,7,9,0,4th of 4,,334,348,-14,Smith,Urlacher,Griese,Benson,Berrian,18,27,16,28,17,20,30,32,-0.9,2.1,1.2,-0.2,1.4
2006,NFL,Chicago Bears*,13,3,0,1st of 4,Lost SB,427,255,172,Smith,Urlacher,Grossman,Jones,Muhammad,2,15,3,5,4,2,10,32,10.8,-2.9,7.9,4.9,3.0
2005,NFL,Chicago Bears*,11,5,0,1st of 4,Lost Div,260,202,58,Smith,Briggs,Orton,Jones,Muhammad,26,29,1,2,11,12,25,32,3.6,-2.2,1.4,-5.2,6.6
2004,NFL,Chicago Bears,5,11,0,4th of 4,,231,331,-100,Smith,Briggs,Hutchinson,Jones,Terrell,32,32,13,21,23,28,32,32,-6.3,-2.0,-8.2,-8.5,0.3
2003,NFL,Chicago Bears,7,9,0,3rd of 4,,283,346,-63,Jauron,Azumah,Stewart,Thomas,Booker,23,28,22,14,27,23,26,32,-3.9,0.4,-3.5,-4.2,0.7
2002,NFL,Chicago Bears,4,12,0,3rd of 4,,281,379,-98,Jauron,Urlacher,Miller,Thomas,Booker,27,29,25,25,23,27,29,32,-6.1,0.9,-5.3,-4.4,-0.9
2001,NFL,Chicago Bears*,13,3,0,1st of 5,Lost Div,338,203,135,Jauron,Urlacher,Miller,Thomas,Booker,11,26,1,15,4,3,21,31,8.4,-0.5,7.9,0.9,7.1
2000,NFL,Chicago Bears,5,11,0,5th of 5,,216,355,-139,Jauron,Urlacher,McNown,Allen,Robinson,28,23,20,16,23,26,23,31,-8.7,2.4,-6.3,-6.4,0.1
1999,NFL,Chicago Bears,6,10,0,5th of 5,,272,341,-69,Jauron,Robinson,Matthews,Enis,Robinson,25,8,20,29,17,24,20,31,-4.3,2.3,-2.0,-3.0,1.0
1998,NFL,Chicago Bears,4,12,0,5th of 5,,276,368,-92,Wannstedt,Engram,Kramer,Bennett,Engram,25,21,23,14,22,24,18,30,-5.8,2.0,-3.7,-3.4,-0.3
1997,NFL,Chicago Bears,4,12,0,5th of 5,,263,421,-158,Wannstedt,Minter,Kramer,Harris,Proehl,28,17,29,12,26,29,11,30,-9.9,1.4,-8.5,-3.1,-5.3
1996,NFL,Chicago Bears,7,9,0,3rd of 5,,283,305,-22,Wannstedt,Conway,Krieg,Harris,Conway,26,21,12,12,14,19,14,30,-1.4,1.1,-0.2,-1.4,1.2
1995,NFL,Chicago Bears,9,7,0,3rd of 5,,392,360,32,Wannstedt,Kramer,Kramer,Salaam,Graham,8,9,22,19,9,9,12,30,2.0,0.3,2.3,3.1,-0.8
1994,NFL,Chicago Bears*,9,7,0,4th of 5,Lost Div,271,307,-36,Wannstedt,Zorich,Walsh,Tillman,Graham,24,23,10,13,20,18,15,28,-2.3,0.3,-1.9,-3.2,1.3
1993,NFL,Chicago Bears,7,9,0,4th of 5,,234,230,4,Wannstedt,Woolford,Harbaugh,Anderson,Waddle,24,28,3,4,14,14,26,28,0.3,-0.5,-0.2,-4.6,4.3
1992,NFL,Chicago Bears,5,11,0,4th of 5,,295,361,-66,Ditka,Harbaugh,Harbaugh,Anderson,Davis,16,8,22,17,19,18,13,28,-4.1,0.6,-3.5,-0.2,-3.3
1991,NFL,Chicago Bears*,11,5,0,2nd of 5,Lost WC,299,269,30,Ditka,Singletary,Harbaugh,Anderson,Davis,14,11,9,4,19,11,7,28,1.9,-1.0,0.8,-1.2,2.0
1990,NFL,Chicago Bears*,11,5,0,1st of 5,Lost Div,348,280,68,Ditka,Dent,Harbaugh,Anderson,Davis,10,13,9,6,3,10,9,28,4.3,-0.8,3.4,0.1,3.3
1989,NFL,Chicago Bears,6,10,0,4th of 5,,358,377,-19,Ditka,Hilgenberg,Tomczak,Anderson,Morris,10,10,20,25,19,16,19,28,-1.2,1.2,0.0,1.8,-1.8
1988,NFL,Chicago Bears*,12,4,0,1st of 5,Lost Conf,312,215,97,Ditka,Singletary,McMahon,Anderson,McKinnon,18,11,1,2,12,4,3,28,6.1,0.5,6.6,0.0,6.6
1987,NFL,Chicago Bears*,11,4,0,1st of 5,Lost Div,356,282,74,Ditka,McMichael,McMahon,Anderson,Gault,9,12,4,2,27,6,4,28,4.9,-1.1,3.8,1.5,2.3
1986,NFL,Chicago Bears*,14,2,0,1st of 5,Lost Div,352,187,165,Ditka,Marshall,Tomczak,Payton,Gault,13,7,1,1,14,1,1,28,10.3,-2.7,7.6,-0.1,7.7
1985,NFL,Chicago Bears*,15,1,0,1st of 5,Won SB,456,198,258,Ditka,Dent,McMahon,Payton,Gault,2,7,1,1,1,1,1,28,16.1,-0.2,15.9,6.5,9.4
1984,NFL,Chicago Bears*,10,6,0,1st of 5,Lost Conf,325,248,77,Ditka,Hampton,McMahon,Payton,Gault,16,7,3,1,10,9,1,28,4.8,-0.1,4.7,-1.7,6.4
1983,NFL,Chicago Bears,8,8,0,3rd of 5,,311,301,10,Ditka,Singletary,McMahon,Payton,Gault,20,6,5,8,12,12,5,28,0.6,-1.7,-1.1,-2.5,1.5
1982,NFL,Chicago Bears,3,6,0,5th of 5,,141,174,-33,Ditka,Hampton,McMahon,Payton,Moorehead,22,26,13,16,13,22,25,28,-3.7,-1.7,-5.4,-4.2,-1.2
1981,NFL,Chicago Bears,6,10,0,5th of 5,,253,324,-71,Armstrong,Fencik,Evans,Payton,Margerum,27,26,14,19,15,23,25,28,-4.4,1.6,-2.9,-4.4,1.5
1980,NFL,Chicago Bears,7,9,0,3rd of 5,,304,264,40,Armstrong,Payton,Evans,Payton,Scott,17,24,4,10,21,12,15,28,2.5,-1.1,1.4,-1.2,2.6
1979,NFL,Chicago Bears*,10,6,0,2nd of 5,Lost WC,306,249,57,Armstrong,Payton,Phipps,Payton,Baschnagel,18,24,3,6,4,6,11,28,3.6,-3.6,0.0,-2.2,2.1
1978,NFL,Chicago Bears,7,9,0,4th of 5,,253,274,-21,Armstrong,Payton,Avellini,Payton,Scott,20,22,9,12,17,19,18,28,-1.3,-1.1,-2.4,-2.7,0.3
1977,NFL,Chicago Bears*,9,5,0,2nd of 5,Lost Div,255,253,2,Pardee,Payton,Avellini,Payton,Scott,13,3,19,22,15,16,8,28,0.1,-3.7,-3.6,0.0,-3.6
1976,NFL,Chicago Bears,7,7,0,2nd of 4,,253,216,37,Pardee,Payton,Avellini,Payton,Scott,17,20,8,17,1,14,17,28,2.6,1.9,4.6,0.3,4.2
1975,NFL,Chicago Bears,4,10,0,3rd of 4,,191,379,-188,Pardee,Chambers,Huff,Payton,Rather,24,24,25,17,21,25,23,26,-13.4,1.9,-11.5,-4.9,-6.6
1974,NFL,Chicago Bears,4,10,0,4th of 4,,152,279,-127,Gibron,Chambers,Huff,Grandberry,Wade,25,25,17,9,19,24,19,26,-9.1,-1.2,-10.3,-7.4,-2.9
1973,NFL,Chicago Bears,3,11,0,4th of 4,,195,334,-139,Gibron,Chambers,Douglass,Garrett,Thomas,24,26,20,17,22,23,23,26,-9.9,1.1,-8.8,-4.4,-4.5
1972,NFL,Chicago Bears,4,9,1,4th of 4,,225,275,-50,Gibron,Douglass,Douglass,Douglass,Farmer,21,23,15,13,12,19,20,26,-3.6,2.2,-1.3,-2.8,1.5
1971,NFL,Chicago Bears,6,8,0,3rd of 4,,185,276,-91,Dooley,Butkus,Douglass,Shy,Farmer,25,24,12,23,16,24,25,26,-6.5,3.1,-3.4,-4.4,1.1
1970,NFL,Chicago Bears,6,8,0,4th of 4,,256,261,-5,Dooley,Gordon,Concannon,Montgomery,Gordon,16,25,10,18,18,15,24,26,-0.4,2.6,2.2,0.4,1.8
1969,NFL,Chicago Bears,1,13,0,4th of 4,,210,339,-129,Dooley,Butkus,Concannon,Sayers,Wallace,16,15,12,5,14,15,11,16,-9.2,3.4,-5.9,-3.2,-2.6
1968,NFL,Chicago Bears,7,7,0,2nd of 4,,250,333,-83,Dooley,Butkus,Carter,Sayers,Gordon,10,9,12,11,12,12,11,16,-5.9,0.9,-5.0,-1.1,-3.9
1967,NFL,Chicago Bears,7,6,1,2nd of 4,,239,218,21,Halas,Petitbon,Concannon,Sayers,Gordon,13,15,4,2,3,6,10,16,1.5,1.5,3.0,-3.6,6.6
1966,NFL,Chicago Bears,5,7,2,5th of 7,,234,272,-38,Halas,Sayers,Bukich,Sayers,Jones,13,12,7,6,6,12,9,15,-2.7,2.5,-0.3,-2.6,2.3
1965,NFL,Chicago Bears,9,5,0,3rd of 7,,409,275,134,Halas,Sayers,Bukich,Sayers,Morris,2,3,2,8,2,1,2,14,9.6,5.0,14.6,8.6,5.9
1964,NFL,Chicago Bears,5,9,0,6th of 7,,260,379,-119,Halas,Morris,Wade,Arnett,Morris,10,8,13,13,7,13,13,14,-8.5,3.9,-4.6,-0.8,-3.8
1963,NFL,Chicago Bears*,11,1,2,1st of 7,Won Champ,301,144,157,Halas,Atkins,Wade,Marconi,Ditka,10,10,1,1,1,3,3,14,11.2,-1.8,9.4,-1.5,10.9
1962,NFL,Chicago Bears,9,5,0,3rd of 7,,321,287,34,Halas,Petitbon,Wade,Marconi,Ditka,4,6,5,5,5,4,5,14,2.4,3.6,6.1,2.7,3.4
1961,NFL,Chicago Bears,8,6,0,3rd of 7,,326,302,24,Halas,George,Wade,Galimore,Ditka,5,6,9,9,8,6,9,14,1.7,2.5,4.3,2.8,1.5
1960,NFL,Chicago Bears,5,6,1,5th of 7,,194,299,-105,Halas,George,Brown,Casares,Dewveall,11,8,11,2,12,11,5,13,-8.8,0.8,-8.0,-4.9,-3.0
1959,NFL,Chicago Bears,8,4,0,2nd of 6,,252,196,56,Halas,,Brown,Casares,Dooley,7,8,2,5,4,3,8,12,4.7,0.8,5.4,-0.8,6.2
1958,NFL,Chicago Bears,8,4,0,2nd of 6,,298,230,68,Halas,,Brown,Casares,McColl,4,9,4,1,7,3,4,12,5.7,0.2,5.9,1.1,4.8
1957,NFL,Chicago Bears,5,7,0,5th of 6,,203,211,-8,Driscoll,,Brown,Casares,Dooley,9,8,3,3,12,8,6,12,-0.7,0.1,-0.6,-4.9,4.3
1956,NFL,Chicago Bears*,9,2,1,1st of 6,Lost Champ,363,246,117,Driscoll,,Brown,Casares,Hill,1,1,7,8,2,1,1,12,9.8,0.3,10.0,8.8,1.3
1955,NFL,Chicago Bears,8,4,0,2nd of 6,,294,251,43,Halas,,Brown,Casares,Hill,2,1,7,12,9,3,4,12,3.6,-3.6,0.0,2.3,-2.3
1954,NFL,Chicago Bears,8,4,0,2nd of 6,,301,279,22,Halas,,Blanda,Jagade,Hill,5,4,8,7,9,7,7,12,1.8,2.9,4.7,5.2,-0.5
1953,NFL,Chicago Bears,3,8,1,4th of 6,,218,262,-44,Halas,,Blanda,Morrison,Dooley,6,6,7,11,12,7,8,12,-3.7,-0.9,-4.6,-4.5,0.0
1952,NFL,Chicago Bears,5,7,0,5th of 6,,245,326,-81,Halas,,Romanik,Morrison,Schroeder,8,9,11,10,10,11,10,12,-6.8,0.0,-6.8,-1.3,-5.5
1951,NFL,Chicago Bears,7,5,0,4th of 6,,286,282,4,Halas,,Lujack,Dottley,Schroeder,4,2,8,9,3,6,5,12,0.3,-1.5,-1.2,-0.2,-0.9
1950,NFL,Chicago Bears*,9,3,0,1st of 7,Lost Div,279,207,72,Halas,,Lujack,Gulyanics,Keane,5,3,5,5,10,5,4,13,6.0,-3.7,2.3,-4.5,6.8
1949,NFL,Chicago Bears,9,3,0,2nd of 5,,332,218,114,Halas,,Lujack,Gulyanics,Keane,4,1,3,2,7,3,2,10,9.5,0.3,9.8,5.2,4.6
1948,NFL,Chicago Bears,10,2,0,2nd of 5,,375,151,224,Halas,,Luckman,Gulyanics,Keane,3,5,1,1,3,1,2,10,18.7,-1.3,17.3,6.5,10.9
1947,NFL,Chicago Bears,8,4,0,2nd of 5,,363,241,122,Halas,,Luckman,Osmanski,Keane,1,1,4,6,10,1,1,10,10.2,1.5,11.6,9.6,2.1
1946,NFL,Chicago Bears*,8,2,1,1st of 5,Won Champ,289,193,96,Halas,,Luckman,Gallarneau,McLean,1,2,5,3,2,1,1,10,8.7,-0.9,7.8,6.5,1.3
1945,NFL,Chicago Bears,3,7,0,4th of 5,,192,235,-43,JohnsosAnderson,,Luckman,Margarita,Kavanaugh,6,3,10,5,7,7,4,10,-4.3,1.4,-2.9,2.0,-4.9
1944,NFL,Chicago Bears,6,3,1,2nd of 5,,258,172,86,JohnsosAnderson,,Luckman,Margarita,McLean,2,1,6,2,6,4,1,11,8.6,-1.6,7.0,5.8,1.2
1943,NFL,Chicago Bears*,8,1,1,1st of 4,Won Champ,303,157,146,JohnsosAnderson,,Luckman,Clarke,Clarke,1,1,2,2,4,1,1,10,14.6,-1.7,12.9,10.5,2.4
1942,NFL,Chicago Bears*,11,0,0,1st of 5,Lost Champ,376,84,292,JohnsosAndersonHalas,,Luckman,Famiglietti,McLean,1,1,1,1,3,1,1,10,26.5,-5.2,21.4,16.0,5.3
1941,NFL,Chicago Bears*,10,1,0,1st of 5,Won Champ,396,147,249,Halas,,Luckman,McAfee,Kavanaugh,1,1,4,4,2,1,1,10,22.6,-2.4,20.3,19.6,0.7
1940,NFL,Chicago Bears*,8,3,0,1st of 5,Won Champ,238,152,86,Halas,,Luckman,Nolting,Kavanaugh,2,3,4,5,1,2,2,10,7.8,1.2,9.0,6.8,2.2
1939,NFL,Chicago Bears,8,3,0,2nd of 5,,298,157,141,Halas,,Masterson,Osmanski,Plasman,1,1,5,3,2,2,1,10,12.8,-0.6,12.2,12.3,0.0
1938,NFL,Chicago Bears,6,5,0,3rd of 5,,194,148,46,Halas,,Masterson,Nolting,Karr,2,3,4,2,3,3,2,10,4.2,-0.1,4.1,3.9,0.1
1937,NFL,Chicago Bears*,9,1,1,1st of 5,Lost Champ,201,100,101,Halas,,Masterson,Nolting,Manske,2,4,1,5,2,1,4,10,9.2,0.6,9.7,5.6,4.1
1936,NFL,Chicago Bears,9,3,0,2nd of 4,,222,94,128,Halas,,Masterson,Nagurski,Hewitt,3,2,1,8,1,3,4,9,10.7,0.4,11.0,6.6,4.4
1935,NFL,Chicago Bears,6,4,2,3rd of 4,,192,106,86,Halas,,Masterson,Ronzani,Johnsos,1,1,4,6,1,1,1,9,7.2,1.1,8.3,5.8,2.5
1934,NFL,Chicago Bears*,13,0,0,1st of 6,Lost Champ,286,86,200,Halas,,Molesworth,Feathers,Feathers,1,1,2,3,4,1,1,11,15.4,-1.0,14.3,10.9,3.4
1933,NFL,Chicago Bears*,10,2,1,1st of 5,Won Champ,133,82,51,Halas,,Molesworth,Nagurski,Hewitt,4,3,2,3,5,3,3,10,3.9,3.0,6.9,1.9,5.0
1932,NFL,Chicago Bears,7,1,6,1st of 8,Won Champ,160,44,116,Jones,,Molesworth,Nagurski,Johnsos,1,3,1,1,2,1,3,8,8.3,-0.5,7.8,2.7,5.1
1931,NFL,Chicago Bears,8,5,0,3rd of 10,,145,92,53,Jones,,,,,4,1,3,1,1,3,1,10,4.1,1.6,5.6,1.1,4.5
1930,NFL,Chicago Bears,9,4,1,3rd of 11,,169,71,98,Jones,,,,,5,1,2,1,1,4,1,11,7.0,0.8,7.8,0.9,6.9
1929,NFL,Chicago Bears,4,9,2,9th of 12,,119,227,-108,Halas,,,,,7,1,9,1,1,9,1,12,-7.2,1.8,-5.4,-1.5,-3.9
1928,NFL,Chicago Bears,7,5,1,5th of 10,,182,85,97,Halas,,,,,2,1,3,1,1,3,1,10,7.5,-4.3,3.1,2.1,1.1
1927,NFL,Chicago Bears,9,3,2,3rd of 12,,149,98,51,Halas,,,,,4,1,4,1,1,4,1,12,3.6,-1.0,2.7,1.3,1.4
1926,NFL,Chicago Bears,12,1,3,2nd of 22,,216,63,153,Halas,,,,,2,1,4,1,1,2,1,22,9.6,-1.4,8.1,5.4,2.8
1925,NFL,Chicago Bears,9,5,3,7th of 20,,158,96,62,Halas,,,,,7,1,6,1,1,6,1,20,3.6,-0.5,3.2,0.8,2.4
1924,NFL,Chicago Bears,6,1,4,2nd of 18,,136,55,81,Halas,,,,,3,1,5,1,1,3,1,18,7.4,0.1,7.5,2.7,4.8
1923,NFL,Chicago Bears,9,2,1,2nd of 20,,123,35,88,Halas,,,,,5,1,2,1,1,4,1,20,7.3,-2.2,5.1,0.5,4.6
1922,NFL,Chicago Bears,9,3,0,2nd of 18,,123,44,79,Halas,,,,,6,1,2,1,1,3,1,18,6.6,-0.4,6.1,0.0,6.2
1921,APFA,Chicago Staleys,9,1,1,1st of 21,Won Champ,128,53,75,Halas,,,,,7,1,4,1,1,4,1,21,6.8,-3.9,2.9,0.4,2.6
1920,APFA,Decatur Staleys,10,1,2,2nd of 14,,164,21,143,Halas,,,,,7,1,2,1,1,5,1,14,11.0,-0.3,10.7,0.7,10.0