,,,,,,,,Points,Points,Points,,Top Players,Top Players,Top Players,Top Players,Off Rank,Off Rank,Def Rank,Def Rank,Overall Rank,Overall Rank,Overall Rank,Overall Rank,Simple Rating System,Simple Rating System,Simple Rating System,Simple Rating System,Simple Rating System
Year,Lg,Tm,W,L,T,Div. Finish,Playoffs,PF,PA,PD,Coaches,AV,Passer,Rusher,Receiver,Pts,Yds,Pts,Yds,T/G,Pts±,Yds±,out of,MoV,SoS,SRS,OSRS,DSRS
2022,NFL,Buffalo Bills*,13,3,0,1st of 4,Lost Div,455,286,169,McDermott,Allen,Allen,Singletary,Diggs,2,2,2,6,15,1,3,32,10.6,0.4,10.9,7.1,3.8
2021,NFL,Buffalo Bills*,11,6,0,1st of 4,Lost Div,483,289,194,McDermott,Allen,Allen,Singletary,Diggs,3,5,1,1,7,1,1,32,11.4,-1.6,9.8,5.0,4.8
2020,NFL,Buffalo Bills*,13,3,0,1st of 4,Lost Conf,501,375,126,McDermott,Allen,Allen,Singletary,Diggs,2,2,16,14,10,5,8,32,7.9,-0.2,7.7,7.1,0.6
2019,NFL,Buffalo Bills*,10,6,0,2nd of 4,Lost WC,314,259,55,McDermott,White,Allen,Singletary,Brown,23,24,2,3,10,10,9,32,3.4,-1.3,2.2,-3.5,5.7
2018,NFL,Buffalo Bills,6,10,0,3rd of 4,,269,374,-105,McDermott,Williams,Allen,Allen,Jones,30,30,18,2,23,28,18,32,-6.6,-0.3,-6.9,-6.3,-0.6
2017,NFL,Buffalo Bills*,9,7,0,2nd of 4,Lost WC,302,359,-57,McDermott,Taylor,Taylor,McCoy,Clay,22,29,18,26,7,21,29,32,-3.6,-0.5,-4.0,-3.0,-1.0
2016,NFL,Buffalo Bills,7,9,0,3rd of 4,,399,378,21,RyanLynn,Taylor,Taylor,McCoy,Woods,10,16,16,19,7,14,20,32,1.3,-1.6,-0.3,1.8,-2.2
2015,NFL,Buffalo Bills,8,8,0,3rd of 4,,379,359,20,Ryan,Taylor,Taylor,McCoy,Watkins,12,13,15,19,8,13,14,32,1.3,-1.2,0.0,0.3,-0.2
2014,NFL,Buffalo Bills,9,7,0,2nd of 4,,343,289,54,Marrone,Williams,Orton,Jackson,Watkins,18,26,4,4,6,12,14,32,3.4,1.6,4.9,-0.4,5.3
2013,NFL,Buffalo Bills,6,10,0,4th of 4,,339,388,-49,Marrone,Williams,Manuel,Spiller,Chandler,22,19,20,10,12,22,16,32,-3.1,-0.1,-3.2,-1.3,-1.9
2012,NFL,Buffalo Bills,6,10,0,4th of 4,,344,435,-91,Gailey,Spiller,Fitzpatrick,Spiller,Johnson,21,19,26,22,27,25,22,32,-5.7,-1.0,-6.7,-0.9,-5.8
2011,NFL,Buffalo Bills,6,10,0,4th of 4,,372,434,-62,Gailey,Fitzpatrick,Fitzpatrick,Jackson,Johnson,14,14,30,26,13,22,19,32,-3.9,0.5,-3.4,1.2,-4.5
2010,NFL,Buffalo Bills,4,12,0,4th of 4,,283,425,-142,Gailey,Williams,Fitzpatrick,Jackson,Johnson,28,25,28,24,32,30,27,32,-8.9,4.3,-4.6,-1.5,-3.1
2009,NFL,Buffalo Bills,6,10,0,4th of 4,,258,326,-68,JauronFewell,Schobel,Fitzpatrick,Jackson,Owens,28,30,16,19,11,23,26,32,-4.3,2.4,-1.8,-4.5,2.7
2008,NFL,Buffalo Bills,7,9,0,4th of 4,,336,342,-6,Jauron,Peters,Edwards,Lynch,Evans,23,25,14,14,27,20,24,32,-0.4,-3.0,-3.3,-2.8,-0.6
2007,NFL,Buffalo Bills,7,9,0,2nd of 4,,252,354,-102,Jauron,Schobel,Edwards,Lynch,Evans,30,30,18,31,6,25,31,32,-6.4,2.3,-4.1,-5.6,1.5
2006,NFL,Buffalo Bills,7,9,0,3rd of 4,,300,311,-11,Jauron,Schobel,Losman,McGahee,Evans,23,30,10,18,23,17,30,32,-0.7,2.9,2.2,-0.2,2.4
2005,NFL,Buffalo Bills,5,11,0,3rd of 4,,271,367,-96,Mularkey,McGee,Holcomb,McGahee,Moulds,24,28,24,29,13,27,30,32,-6.0,0.2,-5.8,-4.0,-1.8
2004,NFL,Buffalo Bills,9,7,0,3rd of 4,,395,284,111,Mularkey,Spikes,Bledsoe,McGahee,Moulds,7,25,8,2,7,6,10,32,6.9,1.1,8.1,4.6,3.5
2003,NFL,Buffalo Bills,6,10,0,3rd of 4,,243,279,-36,Williams,Spikes,Bledsoe,Henry,Moulds,30,30,5,2,31,20,17,32,-2.3,1.3,-1.0,-5.0,4.0
2002,NFL,Buffalo Bills,8,8,0,4th of 4,,379,397,-18,Williams,Bledsoe,Bledsoe,Henry,Moulds,11,11,27,15,28,20,13,32,-1.1,0.9,-0.3,2.1,-2.3
2001,NFL,Buffalo Bills,3,13,0,5th of 5,,265,420,-155,Williams,Brown,Van Pelt,Henry,Moulds,27,13,29,21,29,30,17,31,-9.7,0.2,-9.5,-3.9,-5.7
2000,NFL,Buffalo Bills,8,8,0,4th of 5,,315,350,-35,Phillips,Cowart,Johnson,Bryson,Moulds,20,9,18,3,10,22,3,31,-2.2,2.2,0.0,0.5,-0.5
1999,NFL,Buffalo Bills*,11,5,0,2nd of 5,Lost WC,320,229,91,Phillips,Flutie,Flutie,Linton,Moulds,16,11,2,1,23,3,2,31,5.7,1.5,7.1,-0.2,7.4
1998,NFL,Buffalo Bills*,10,6,0,3rd of 5,Lost WC,400,333,67,Phillips,Moulds,Flutie,Smith,Moulds,7,6,15,6,3,8,6,30,4.2,1.0,5.2,4.4,0.7
1997,NFL,Buffalo Bills,6,10,0,4th of 5,,255,367,-112,Levy,Smith,Collins,Smith,Reed,29,25,23,9,28,28,16,30,-7.0,2.5,-4.5,-4.0,-0.5
1996,NFL,Buffalo Bills*,10,6,0,2nd of 5,Lost WC,319,266,53,Levy,Smith,Kelly,Thomas,Reed,15,16,6,9,25,7,9,30,3.3,-0.4,2.9,-1.0,3.9
1995,NFL,Buffalo Bills*,10,6,0,1st of 5,Lost Div,350,335,15,Levy,Smith,Kelly,Thomas,Brooks,13,20,12,13,11,13,16,30,0.9,-1.8,-0.9,-0.5,-0.4
1994,NFL,Buffalo Bills,7,9,0,4th of 5,,340,356,-16,Levy,Smith,Kelly,Thomas,Reed,11,10,22,17,24,14,12,28,-1.0,0.8,-0.2,1.5,-1.8
1993,NFL,Buffalo Bills*,12,4,0,1st of 5,Lost SB,329,242,87,Levy,Smith,Kelly,Thomas,Reed,7,6,5,27,2,5,20,28,5.4,-0.6,4.8,1.8,3.0
1992,NFL,Buffalo Bills*,11,5,0,2nd of 5,Lost SB,381,283,98,Levy,Thomas,Kelly,Thomas,Reed,3,2,14,12,18,6,4,28,6.1,-1.9,4.3,4.7,-0.4
1991,NFL,Buffalo Bills*,13,3,0,1st of 5,Lost SB,458,318,140,Levy,Thomas,Kelly,Thomas,Reed,2,1,19,27,9,3,5,28,8.8,-5.2,3.6,7.6,-4.1
1990,NFL,Buffalo Bills*,13,3,0,1st of 5,Lost SB,428,263,165,Levy,Thomas,Kelly,Thomas,Reed,1,6,6,8,4,1,5,28,10.3,-1.7,8.6,5.7,2.9
1989,NFL,Buffalo Bills*,9,7,0,1st of 5,Lost Div,409,317,92,Levy,Thomas,Kelly,Thomas,Reed,3,5,14,11,20,5,5,28,5.8,-1.4,4.3,3.8,0.5
1988,NFL,Buffalo Bills*,12,4,0,1st of 5,Lost Conf,329,237,92,Levy,Bennett,Kelly,Thomas,Reed,14,12,3,4,16,5,6,28,5.8,0.6,6.4,0.0,6.4
1987,NFL,Buffalo Bills,7,8,0,4th of 5,,270,305,-35,Levy,Smith,Kelly,Harmon,Burkett,24,16,12,12,24,19,16,28,-2.3,2.1,-0.2,-2.6,2.4
1986,NFL,Buffalo Bills,4,12,0,4th of 5,,287,348,-61,LevyBullough,Kelly,Kelly,Riddick,Burkett,20,19,20,24,28,23,22,28,-3.8,-2.0,-5.8,-5.0,-0.8
1985,NFL,Buffalo Bills,2,14,0,5th of 5,,200,381,-181,BulloughStephenson,Bell,Ferragamo,Bell,Butler,28,25,20,17,28,28,24,28,-11.3,1.5,-9.8,-9.5,-0.2
1984,NFL,Buffalo Bills,2,14,0,5th of 5,,250,454,-204,Stephenson,Bell,Ferguson,Bell,Franklin,25,27,27,23,20,27,26,28,-12.8,0.7,-12.0,-5.3,-6.7
1983,NFL,Buffalo Bills,8,8,0,3rd of 5,,283,351,-68,Stephenson,Smerlas,Ferguson,Cribbs,Cribbs,23,25,18,24,21,22,28,28,-4.3,0.5,-3.8,-3.4,-0.4
1982,NFL,Buffalo Bills,4,5,0,4th of 5,,150,154,-4,Knox,Smerlas,Ferguson,Cribbs,Lewis,19,11,6,2,23,13,2,28,-0.4,1.9,1.5,-1.9,3.4
1981,NFL,Buffalo Bills*,10,6,0,3rd of 5,Lost Div,311,276,35,Knox,Cribbs,Ferguson,Cribbs,Lewis,20,8,6,7,16,14,4,28,2.2,-0.9,1.3,-2.5,3.9
1980,NFL,Buffalo Bills*,11,5,0,1st of 5,Lost Div,320,260,60,Knox,Cribbs,Ferguson,Cribbs,Butler,12,18,3,1,11,8,6,28,3.8,0.2,3.9,-1.6,5.5
1979,NFL,Buffalo Bills,7,9,0,4th of 5,,268,279,-11,Knox,Clark,Ferguson,Brown,Lewis,23,21,8,14,7,17,16,28,-0.7,0.4,-0.2,-3.3,3.1
1978,NFL,Buffalo Bills,5,11,0,4th of 5,,302,354,-52,Knox,Miller,Ferguson,Miller,Lewis,11,20,24,24,19,25,23,28,-3.3,0.0,-3.3,-0.1,-3.2
1977,NFL,Buffalo Bills,3,11,0,4th of 5,,160,313,-153,Ringo,DeLamielleure,Ferguson,Simpson,Chandler,26,8,25,23,25,28,17,28,-10.9,3.0,-7.9,-4.3,-3.7
1976,NFL,Buffalo Bills,2,12,0,5th of 5,,245,363,-118,SabanRingo,Simpson,Ferguson,Simpson,Chandler,20,12,24,23,16,23,16,28,-8.4,-0.8,-9.2,-2.5,-6.7
1975,NFL,Buffalo Bills,8,6,0,3rd of 5,,420,355,65,Saban,Simpson,Ferguson,Simpson,Chandler,1,1,21,24,4,11,9,26,4.6,2.4,7.1,10.4,-3.4
1974,NFL,Buffalo Bills*,9,5,0,2nd of 5,Lost Div,264,244,20,Saban,James,Ferguson,Simpson,Hill,12,23,12,5,11,12,10,26,1.4,-0.4,1.0,-0.3,1.4
1973,NFL,Buffalo Bills,9,5,0,2nd of 5,,259,230,29,Saban,Simpson,Ferguson,Simpson,Chandler,15,10,10,14,8,12,10,26,2.1,-1.7,0.4,-1.8,2.1
1972,NFL,Buffalo Bills,4,9,1,4th of 5,,257,377,-120,Saban,Simpson,Shaw,Simpson,Hill,19,18,24,17,19,22,21,26,-8.6,1.4,-7.2,-1.6,-5.6
1971,NFL,Buffalo Bills,1,13,0,5th of 5,,184,394,-210,Johnson,Wyatt,Shaw,Simpson,Briscoe,26,25,26,25,26,26,26,26,-15.0,1.6,-13.4,-4.5,-8.9
1970,NFL,Buffalo Bills,3,10,1,4th of 5,,204,337,-133,Rauch,Briscoe,Shaw,Simpson,Briscoe,23,17,23,8,26,23,12,26,-9.5,-2.8,-12.3,-5.8,-6.5
1969,AFL,Buffalo Bills,4,10,0,3rd of 5,,230,359,-129,Rauch,Byrd,Kemp,Simpson,Moses,10,8,9,7,10,10,6,10,-9.2,0.9,-8.3,-4.0,-4.4
1968,AFL,Buffalo Bills,1,12,1,5th of 5,,199,367,-168,JohnsonCollier,Byrd,Darragh,Anderson,Moses,10,10,8,5,6,9,10,10,-12.0,1.2,-10.8,-7.9,-2.9
1967,AFL,Buffalo Bills,4,10,0,3rd of 5,,237,285,-48,Collier,Stratton,Kemp,Lincoln,Costa,8,7,4,2,7,6,5,9,-3.4,-0.2,-3.7,-6.2,2.5
1966,AFL,Buffalo Bills*,9,4,1,1st of 5,Lost Conf,358,255,103,Collier,Byrd,Kemp,Burnett,Dubenion,2,3,1,3,5,2,3,9,7.4,-0.2,7.1,2.5,4.6
1965,AFL,Buffalo Bills*,10,3,1,1st of 4,Won Champ,313,226,87,Saban,Stratton,Kemp,Carlton,Roberson,3,7,1,6,1,2,7,8,6.2,-0.8,5.4,0.1,5.3
1964,AFL,Buffalo Bills*,12,2,0,1st of 4,Won Champ,400,242,158,Saban,Sestak,Kemp,Gilchrist,Dubenion,1,1,1,1,7,1,1,8,11.3,-1.4,9.9,4.6,5.3
1963,AFL,Buffalo Bills*,7,6,1,1st of 4,Lost Div,304,291,13,Saban,Sestak,Kemp,Gilchrist,Dubenion,5,2,5,3,5,5,2,8,0.9,-0.1,0.8,-1.8,2.6
1962,AFL,Buffalo Bills,7,6,1,3rd of 4,,309,272,37,Saban,Matuszak,Rabb,Gilchrist,Dubenion,6,5,3,3,2,4,5,8,2.6,-0.3,2.3,-1.6,3.9
1961,AFL,Buffalo Bills,6,8,0,4th of 4,,294,342,-48,Ramsey,Atkins,Reynolds,Baker,Bass,6,6,4,4,4,5,5,8,-3.4,0.4,-3.0,-3.5,0.5
1960,AFL,Buffalo Bills,5,8,1,3rd of 4,,296,303,-7,Ramsey,Matsos,Green,Carlton,Dubenion,7,8,3,1,3,4,4,8,-0.5,0.1,-0.4,-3.4,3.0