,,,,,,,,Points,Points,Points,,Top Players,Top Players,Top Players,Top Players,Off Rank,Off Rank,Def Rank,Def Rank,Overall Rank,Overall Rank,Overall Rank,Overall Rank,Simple Rating System,Simple Rating System,Simple Rating System,Simple Rating System,Simple Rating System
Year,Lg,Tm,W,L,T,Div. Finish,Playoffs,PF,PA,PD,Coaches,AV,Passer,Rusher,Receiver,Pts,Yds,Pts,Yds,T/G,Pts±,Yds±,out of,MoV,SoS,SRS,OSRS,DSRS
2022,NFL,Atlanta Falcons,7,10,0,4th of 4,,365,386,-21,Smith,Mariota,Mariota,Allgeier,London,15,24,23,27,24,20,27,32,-1.2,-0.9,-2.1,-0.1,-2.0
2021,NFL,Atlanta Falcons,7,10,0,3rd of 4,,313,459,-146,Smith,Terrell,Ryan,Patterson,Pitts,26,29,29,26,25,28,29,32,-8.6,0.1,-8.5,-4.2,-4.3
2020,NFL,Atlanta Falcons,4,12,0,4th of 4,,396,414,-18,MorrisQuinn,Ryan,Ryan,Gurley,Ridley,16,18,19,29,13,18,25,32,-1.1,1.9,0.7,-0.1,0.8
2019,NFL,Atlanta Falcons,7,9,0,2nd of 4,,381,399,-18,Quinn,Jarrett,Ryan,Freeman,Jones,13,5,23,20,24,19,12,32,-1.1,1.1,-0.1,0.3,-0.4
2018,NFL,Atlanta Falcons,7,9,0,2nd of 4,,414,423,-9,Quinn,Ryan,Ryan,Coleman,Jones,10,6,25,28,15,17,17,32,-0.6,0.4,-0.1,2.5,-2.6
2017,NFL,Atlanta Falcons*,10,6,0,3rd of 4,Lost Div,353,315,38,Quinn,Ryan,Ryan,Freeman,Jones,15,8,8,9,19,11,7,32,2.4,1.9,4.3,1.1,3.2
2016,NFL,Atlanta Falcons*,11,5,0,1st of 4,Lost SB,540,406,134,Quinn,Ryan,Ryan,Freeman,Jones,1,2,27,25,4,2,4,32,8.4,0.1,8.5,10.5,-2.0
2015,NFL,Atlanta Falcons,8,8,0,2nd of 4,,339,345,-6,Quinn,Jones,Ryan,Freeman,Jones,21,7,14,16,27,15,10,32,-0.4,-3.4,-3.8,-4.0,0.3
2014,NFL,Atlanta Falcons,6,10,0,3rd of 4,,381,417,-36,Smith,Ryan,Ryan,Jackson,Jones,12,8,27,32,11,24,23,32,-2.3,-1.6,-3.8,0.6,-4.4
2013,NFL,Atlanta Falcons,4,12,0,3rd of 4,,353,443,-90,Smith,Ryan,Ryan,Jackson,Douglas,20,14,27,27,24,25,26,32,-5.6,2.9,-2.8,1.2,-3.9
2012,NFL,Atlanta Falcons*,13,3,0,1st of 4,Lost Conf,419,299,120,Smith,Ryan,Ryan,Turner,White,7,8,5,24,5,5,14,32,7.5,-1.1,6.4,2.0,4.5
2011,NFL,Atlanta Falcons*,10,6,0,2nd of 4,Lost WC,402,350,52,Smith,Ryan,Ryan,Turner,White,7,10,18,12,5,10,7,32,3.3,0.3,3.5,1.8,1.7
2010,NFL,Atlanta Falcons*,13,3,0,1st of 4,Lost Div,414,288,126,Smith,Abraham,Ryan,Turner,White,5,16,5,16,3,4,14,32,7.9,-1.8,6.1,3.8,2.2
2009,NFL,Atlanta Falcons,9,7,0,2nd of 4,,363,325,38,Smith,White,Ryan,Turner,White,13,16,14,21,11,15,19,32,2.4,2.7,5.0,2.7,2.3
2008,NFL,Atlanta Falcons*,11,5,0,2nd of 4,Lost WC,391,325,66,Smith,White,Ryan,Turner,White,10,6,11,24,21,11,19,32,4.1,-0.3,3.8,1.3,2.5
2007,NFL,Atlanta Falcons,4,12,0,4th of 4,,259,414,-155,PetrinoThomas,White,Harrington,Dunn,White,29,23,29,29,10,30,27,32,-9.7,-0.9,-10.6,-5.8,-4.8
2006,NFL,Atlanta Falcons,7,9,0,3rd of 4,,292,328,-36,Mora,Vick,Vick,Dunn,Crumpler,25,12,15,22,8,21,16,32,-2.3,-0.8,-3.0,-2.8,-0.2
2005,NFL,Atlanta Falcons,8,8,0,3rd of 4,,351,341,10,Mora,Dunn,Vick,Dunn,Crumpler,14,12,18,22,17,16,20,32,0.6,-1.9,-1.2,1.1,-2.3
2004,NFL,Atlanta Falcons*,11,5,0,1st of 4,Lost Conf,340,337,3,Mora,Vick,Vick,Dunn,Crumpler,16,20,14,14,17,14,17,32,0.2,-2.4,-2.2,-1.8,-0.4
2003,NFL,Atlanta Falcons,5,11,0,4th of 4,,299,422,-123,ReevesPhillips,Brooking,Johnson,Duckett,Price,20,29,30,32,14,28,31,32,-7.7,0.3,-7.4,-2.0,-5.4
2002,NFL,Atlanta Falcons*,9,6,1,2nd of 4,Lost Div,402,314,88,Reeves,Vick,Vick,Dunn,Finneran,5,14,8,19,5,4,16,32,5.5,-0.4,5.1,3.5,1.5
2001,NFL,Atlanta Falcons,7,9,0,4th of 5,,291,377,-86,Reeves,Chandler,Chandler,Smith,Mathis,23,15,24,30,13,26,28,31,-5.4,0.7,-4.7,-2.7,-2.0
2000,NFL,Atlanta Falcons,4,12,0,5th of 5,,252,413,-161,Reeves,Anderson,Chandler,Anderson,Jefferson,27,30,26,25,23,27,29,31,-10.1,1.5,-8.6,-5.7,-2.9
1999,NFL,Atlanta Falcons,5,11,0,3rd of 5,,285,380,-95,Reeves,Mathis,Chandler,Oxendine,Mathis,23,27,25,16,31,26,28,31,-5.9,-1.1,-7.1,-4.0,-3.0
1998,NFL,Atlanta Falcons*,14,2,0,1st of 5,Lost SB,442,289,153,Reeves,Anderson,Chandler,Anderson,Martin,4,7,4,8,1,3,7,30,9.6,0.4,10.0,7.0,3.0
1997,NFL,Atlanta Falcons,7,9,0,3rd of 5,,320,361,-41,Reeves,Smith,Chandler,Anderson,Emanuel,18,23,21,20,11,19,23,30,-2.6,-1.6,-4.2,-1.2,-2.9
1996,NFL,Atlanta Falcons,3,13,0,4th of 5,,309,461,-152,Jones,Anderson,Hebert,Anderson,Emanuel,19,17,30,29,29,29,26,30,-9.5,0.4,-9.1,-0.2,-8.9
1995,NFL,Atlanta Falcons*,9,7,0,2nd of 5,Lost WC,362,349,13,Jones,Metcalf,George,Heyward,Metcalf,11,10,19,29,4,15,23,30,0.8,-0.7,0.1,0.9,-0.9
1994,NFL,Atlanta Falcons,7,9,0,3rd of 4,,317,385,-68,Jones,George,George,Heyward,Mathis,15,7,24,27,18,23,22,28,-4.3,0.0,-4.3,-1.2,-3.1
1993,NFL,Atlanta Falcons,6,10,0,3rd of 4,,316,385,-69,Glanville,Sanders,Hebert,Pegram,Rison,12,11,28,25,28,23,21,28,-4.3,-0.1,-4.4,0.8,-5.2
1992,NFL,Atlanta Falcons,6,10,0,3rd of 4,,327,414,-87,Glanville,Sanders,Miller,Broussard,Rison,11,10,28,28,23,22,22,28,-5.4,1.4,-4.1,2.3,-6.4
1991,NFL,Atlanta Falcons*,10,6,0,2nd of 4,Lost Div,361,338,23,Glanville,Sanders,Miller,Broussard,Haynes,5,8,20,24,14,12,15,28,1.4,2.0,3.4,4.7,-1.3
1990,NFL,Atlanta Falcons,5,11,0,4th of 4,,348,365,-17,Glanville,Rison,Miller,Rozier,Rison,10,10,21,19,18,17,17,28,-1.1,-1.1,-2.1,0.9,-3.1
1989,NFL,Atlanta Falcons,3,13,0,4th of 4,,279,437,-158,CampbellHanifan,Miller,Miller,Settle,Collins,22,24,28,28,5,26,27,28,-9.9,0.8,-9.1,-3.2,-5.9
1988,NFL,Atlanta Falcons,5,11,0,4th of 4,,244,315,-71,Campbell,Case,Miller,Settle,Settle,25,25,11,25,12,22,27,28,-4.4,-0.1,-4.5,-5.0,0.5
1987,NFL,Atlanta Falcons,3,12,0,4th of 4,,205,436,-231,Campbell,Fralic,Campbell,Riggs,Dixon,28,28,28,28,28,28,28,28,-15.4,1.6,-13.8,-7.9,-5.9
1986,NFL,Atlanta Falcons,7,8,1,3rd of 4,,280,280,0,Henning,Fralic,Archer,Riggs,Brown,21,17,6,7,12,16,11,28,0.0,-0.5,-0.5,-2.8,2.3
1985,NFL,Atlanta Falcons,4,12,0,4th of 4,,282,452,-170,Henning,Riggs,Archer,Riggs,Johnson,26,20,28,25,9,27,23,28,-10.6,1.7,-8.9,-2.1,-6.8
1984,NFL,Atlanta Falcons,4,12,0,4th of 4,,281,382,-101,Henning,Riggs,Bartkowski,Riggs,Bailey,22,19,22,15,23,23,19,28,-6.3,-0.3,-6.6,-3.7,-2.9
1983,NFL,Atlanta Falcons,7,9,0,4th of 4,,370,389,-19,Henning,Andrews,Bartkowski,Andrews,Bailey,10,8,23,25,14,18,18,28,-1.2,2.0,0.9,2.9,-2.1
1982,NFL,Atlanta Falcons*,5,4,0,1st of 4,Lost WC,183,199,-16,Bennett,Andrews,Bartkowski,Andrews,Andrews,14,9,21,14,7,18,11,28,-1.8,-2.0,-3.8,-0.5,-3.3
1981,NFL,Atlanta Falcons,7,9,0,2nd of 4,,426,355,71,Bennett,Andrews,Bartkowski,Andrews,Jenkins,2,7,18,14,9,7,13,28,4.4,-0.5,4.0,6.5,-2.6
1980,NFL,Atlanta Falcons*,12,4,0,1st of 4,Lost Div,405,272,133,Bennett,Andrews,Bartkowski,Andrews,Jenkins,5,3,5,16,1,4,9,28,8.3,-0.5,7.8,4.5,3.4
1979,NFL,Atlanta Falcons,6,10,0,3rd of 4,,300,388,-88,Bennett,Van Note,Bartkowski,Andrews,Francis,19,17,26,25,20,26,23,28,-5.5,-1.1,-6.6,-1.9,-4.7
1978,NFL,Atlanta Falcons*,9,7,0,2nd of 4,Lost Div,240,290,-50,Bennett,Brezina,Bartkowski,Bean,Francis,26,26,14,5,19,24,21,28,-3.1,-1.5,-4.6,-3.7,-0.9
1977,NFL,Atlanta Falcons,7,7,0,2nd of 4,,179,129,50,Bennett,Lawrence,Hunter,Stanback,Jenkins,25,25,1,2,1,9,16,28,3.6,-3.1,0.5,-6.1,6.6
1976,NFL,Atlanta Falcons,4,10,0,3rd of 5,,172,312,-140,PepplerCampbell,Lawrence,Bartkowski,Bean,Jenkins,24,27,22,20,18,25,27,28,-10.0,-0.3,-10.3,-6.7,-3.5
1975,NFL,Atlanta Falcons,4,10,0,3rd of 4,,240,289,-49,Campbell,Zook,Bartkowski,Hampton,Jenkins,19,20,15,22,19,15,20,26,-3.5,0.0,-3.5,-2.7,-0.8
1974,NFL,Atlanta Falcons,3,11,0,4th of 4,,111,271,-160,Van BrocklinCampbell,Humphrey,Lee,Hampton,Burrow,26,26,16,15,26,26,26,26,-11.4,-0.9,-12.3,-9.7,-2.6
1973,NFL,Atlanta Falcons,9,5,0,2nd of 4,,318,224,94,Van Brocklin,Humphrey,Lee,Hampton,Burrow,7,15,9,6,9,8,7,26,6.7,-0.9,5.9,2.3,3.5
1972,NFL,Atlanta Falcons,7,7,0,2nd of 4,,269,274,-5,Van Brocklin,Malone,Berry,Hampton,Malone,16,16,14,7,15,16,13,26,-0.4,-1.6,-1.9,-2.3,0.4
1971,NFL,Atlanta Falcons,7,6,1,3rd of 4,,274,277,-3,Van Brocklin,Kunz,Berry,Butler,Burrow,13,15,13,8,11,13,12,26,-0.2,1.5,1.3,0.3,1.0
1970,NFL,Atlanta Falcons,4,8,2,3rd of 4,,206,261,-55,Van Brocklin,Nobis,Berry,Butler,Mitchell,22,23,10,11,16,19,22,26,-3.9,1.6,-2.3,-3.5,1.2
1969,NFL,Atlanta Falcons,6,8,0,3rd of 4,,276,268,8,Van Brocklin,Brezina,Berry,Butler,Flatley,11,13,6,9,2,8,13,16,0.6,2.3,2.8,0.3,2.5
1968,NFL,Atlanta Falcons,2,12,0,4th of 4,,170,389,-219,Van BrocklinHecker,Berry,Berry,Butler,Long,16,16,15,16,13,16,16,16,-15.6,3.7,-12.0,-6.4,-5.6
1967,NFL,Atlanta Falcons,1,12,1,4th of 4,,175,422,-247,Hecker,Nobis,Johnson,Coffey,McDonald,16,16,16,16,15,16,16,16,-17.6,3.2,-14.5,-7.3,-7.2
1966,NFL,Atlanta Falcons,3,11,0,7th of 8,,204,437,-233,Hecker,Coffey,Johnson,Coffey,Hawkins,15,14,14,15,12,14,15,15,-16.6,1.1,-15.5,-6.5,-9.0