,,,,,,,,Points,Points,Points,,Top Players,Top Players,Top Players,Top Players,Off Rank,Off Rank,Def Rank,Def Rank,Overall Rank,Overall Rank,Overall Rank,Overall Rank,Simple Rating System,Simple Rating System,Simple Rating System,Simple Rating System,Simple Rating System
Year,Lg,Tm,W,L,T,Div. Finish,Playoffs,PF,PA,PD,Coaches,AV,Passer,Rusher,Receiver,Pts,Yds,Pts,Yds,T/G,Pts±,Yds±,out of,MoV,SoS,SRS,OSRS,DSRS
2022,NFL,New York Jets,7,10,0,4th of 4,,296,316,-20,Saleh,Williams,Wilson,Hall,Wilson,29,25,4,4,28,18,14,32,-1.2,2.0,0.8,-4.0,4.8
2021,NFL,New York Jets,4,13,0,4th of 4,,310,504,-194,Saleh,Moses,Wilson,Carter,Moore,28,26,32,32,29,31,31,32,-11.4,1.0,-10.4,-3.6,-6.7
2020,NFL,New York Jets,2,14,0,4th of 4,,243,457,-214,Gase,Hewitt,Darnold,Gore,Crowder,32,32,26,24,17,32,32,32,-13.4,1.9,-11.5,-8.7,-2.8
2019,NFL,New York Jets,7,9,0,3rd of 4,,276,359,-83,Gase,Adams,Darnold,Bell,Crowder,31,32,16,7,23,25,27,32,-5.2,-1.1,-6.3,-5.7,-0.6
2018,NFL,New York Jets,4,12,0,4th of 4,,333,441,-108,Bowles,Adams,Darnold,Crowell,Anderson,23,29,29,25,27,29,29,32,-6.8,-1.1,-7.8,-2.0,-5.9
2017,NFL,New York Jets,5,11,0,4th of 4,,298,382,-84,Bowles,McCown,McCown,Powell,Anderson,24,28,22,25,23,26,28,32,-5.3,0.3,-4.9,-2.9,-2.1
2016,NFL,New York Jets,5,11,0,4th of 4,,275,409,-134,Bowles,Williams,Fitzpatrick,Forte,Enunwa,30,26,28,11,31,29,23,32,-8.4,-0.1,-8.5,-5.5,-3.0
2015,NFL,New York Jets,10,6,0,2nd of 4,,387,314,73,Bowles,Wilkerson,Fitzpatrick,Ivory,Marshall,11,10,9,4,8,8,4,32,4.6,-3.0,1.5,-0.5,2.0
2014,NFL,New York Jets,4,12,0,4th of 4,,283,401,-118,Ryan,Richardson,Smith,Ivory,Decker,28,22,24,6,29,26,18,32,-7.4,2.3,-5.0,-4.0,-1.0
2013,NFL,New York Jets,8,8,0,2nd of 4,,290,387,-97,Ryan,Wilkerson,Smith,Ivory,Kerley,29,25,19,11,30,26,21,32,-6.1,0.0,-6.1,-4.7,-1.4
2012,NFL,New York Jets,6,10,0,3rd of 4,,281,375,-94,Ryan,DeVito,Sanchez,Greene,Kerley,28,30,20,8,29,26,23,32,-5.9,0.0,-5.9,-5.1,-0.9
2011,NFL,New York Jets,8,8,0,2nd of 4,,377,363,14,Ryan,Revis,Sanchez,Greene,Keller,13,25,20,5,19,15,15,32,0.9,0.0,0.9,1.2,-0.3
2010,NFL,New York Jets*,11,5,0,2nd of 4,Lost Conf,367,304,63,Ryan,Revis,Sanchez,Tomlinson,Edwards,13,11,6,3,5,8,6,32,3.9,2.5,6.5,2.2,4.2
2009,NFL,New York Jets*,9,7,0,2nd of 4,Lost Conf,348,236,112,Ryan,Revis,Sanchez,Jones,Cotchery,17,20,1,1,16,7,5,32,7.0,1.6,8.6,1.1,7.5
2008,NFL,New York Jets,9,7,0,3rd of 4,,405,356,49,Mangini,Jones,Favre,Jones,Cotchery,9,16,18,16,19,12,20,32,3.1,-2.8,0.2,2.2,-1.9
2007,NFL,New York Jets,4,12,0,3rd of 4,,268,355,-87,Mangini,Cotchery,Pennington,Jones,Cotchery,25,26,19,18,20,22,22,32,-5.4,1.7,-3.7,-4.0,0.3
2006,NFL,New York Jets*,10,6,0,2nd of 4,Lost WC,316,295,21,Mangini,Pennington,Pennington,Washington,Coles,18,25,6,20,17,12,22,32,1.3,0.7,2.0,0.4,1.7
2005,NFL,New York Jets,4,12,0,4th of 4,,240,355,-115,Edwards,Law,Bollinger,Martin,Coles,29,31,23,12,20,28,29,32,-7.2,0.8,-6.4,-5.2,-1.2
2004,NFL,New York Jets*,10,6,0,2nd of 4,Lost Div,333,261,72,Edwards,Martin,Pennington,Martin,Moss,17,12,4,7,2,8,6,32,4.5,2.1,6.6,0.5,6.0
2003,NFL,New York Jets,6,10,0,4th of 4,,283,299,-16,Edwards,Martin,Pennington,Martin,Moss,23,19,8,21,14,18,22,32,-1.0,0.4,-0.6,-1.9,1.3
2002,NFL,New York Jets*,9,7,0,1st of 4,Lost Div,359,336,23,Edwards,Mawae,Pennington,Martin,Coles,15,22,14,24,11,16,23,32,1.4,1.7,3.2,0.9,2.3
2001,NFL,New York Jets*,10,6,0,3rd of 5,Lost WC,308,295,13,Edwards,Abraham,Testaverde,Martin,Coles,17,24,12,19,1,12,22,31,0.8,0.0,0.8,-2.0,2.8
2000,NFL,New York Jets,9,7,0,3rd of 5,,321,321,0,Groh,Lewis,Testaverde,Martin,Chrebet,17,12,13,10,20,18,11,31,0.0,3.5,3.5,1.4,2.2
1999,NFL,New York Jets,8,8,0,4th of 5,,308,309,-1,Parcells,Martin,Lucas,Martin,Johnson,19,25,9,21,3,17,27,31,-0.1,3.1,3.1,0.2,2.9
1998,NFL,New York Jets*,12,4,0,1st of 5,Lost Conf,416,266,150,Parcells,Lewis,Testaverde,Martin,Johnson,5,4,2,7,10,5,5,30,9.4,1.8,11.2,5.4,5.8
1997,NFL,New York Jets,9,7,0,3rd of 5,,348,287,61,Parcells,Glenn,O'Donnell,Murrell,Johnson,12,22,6,24,12,9,26,30,3.8,-0.9,2.9,0.1,2.8
1996,NFL,New York Jets,1,15,0,5th of 5,,279,454,-175,Kotite,Murrell,Reich,Murrell,Chrebet,27,11,29,27,30,30,21,30,-10.9,0.8,-10.1,-2.5,-7.6
1995,NFL,New York Jets,3,13,0,5th of 5,,233,384,-151,Kotite,Lewis,Esiason,Murrell,Chrebet,30,30,26,6,28,30,25,30,-9.4,-1.7,-11.2,-7.9,-3.3
1994,NFL,New York Jets,6,10,0,5th of 5,,264,320,-56,Carroll,Johnson,Esiason,Johnson,Moore,25,22,14,22,5,21,25,28,-3.5,1.3,-2.2,-3.7,1.5
1993,NFL,New York Jets,8,8,0,3rd of 5,,270,247,23,Coslet,Johnson,Esiason,Johnson,Moore,21,9,6,8,7,12,6,28,1.4,-0.6,0.8,-2.1,2.9
1992,NFL,New York Jets,4,12,0,4th of 5,,220,315,-95,Coslet,Lewis,Nagle,Baxter,Moore,25,20,18,16,14,25,18,28,-5.9,-0.9,-6.9,-6.0,-0.9
1991,NFL,New York Jets*,8,8,0,2nd of 5,Lost WC,314,293,21,Coslet,O'Brien,O'Brien,Thomas,Moore,11,6,10,12,4,13,9,28,1.3,-3.8,-2.4,-1.2,-1.2
1990,NFL,New York Jets,6,10,0,4th of 5,,295,345,-50,Coslet,O'Brien,O'Brien,Thomas,Toon,19,16,17,23,6,20,22,28,-3.1,-1.5,-4.6,-2.0,-2.6
1989,NFL,New York Jets,4,12,0,5th of 5,,253,411,-158,Walton,McMillan,O'Brien,Hector,Townsell,26,17,25,27,25,26,24,28,-9.9,-0.2,-10.1,-4.9,-5.2
1988,NFL,New York Jets,8,7,1,4th of 5,,372,354,18,Walton,McNeil,O'Brien,McNeil,Toon,6,13,21,23,3,12,21,28,1.1,0.3,1.4,3.7,-2.4
1987,NFL,New York Jets,6,9,0,5th of 5,,334,360,-26,Walton,O'Brien,O'Brien,McNeil,Toon,14,20,20,19,18,17,19,28,-1.7,0.4,-1.3,1.3,-2.7
1986,NFL,New York Jets*,10,6,0,2nd of 5,Lost Div,364,386,-22,Walton,O'Brien,O'Brien,McNeil,Toon,11,11,22,26,13,17,24,28,-1.4,0.0,-1.4,2.0,-3.3
1985,NFL,New York Jets*,11,5,0,2nd of 5,Lost WC,393,264,129,Walton,Klecko,O'Brien,McNeil,Shuler,7,4,3,8,2,3,3,28,8.1,0.9,9.0,3.8,5.2
1984,NFL,New York Jets,7,9,0,3rd of 5,,332,364,-32,Walton,Gastineau,Ryan,McNeil,Shuler,15,16,20,21,14,18,21,28,-2.0,-2.5,-4.5,-1.8,-2.7
1983,NFL,New York Jets,7,9,0,5th of 5,,313,331,-18,Walton,Gastineau,Todd,McNeil,Walker,19,11,10,13,22,16,13,28,-1.1,-0.1,-1.2,-1.9,0.7
1982,NFL,New York Jets*,6,3,0,2nd of 5,Lost Conf,245,166,79,Michaels,Gastineau,Todd,McNeil,Walker,3,4,10,6,2,2,3,28,8.8,1.7,10.5,8.8,1.7
1981,NFL,New York Jets*,10,5,1,2nd of 5,Lost WC,355,287,68,Michaels,Klecko,Todd,McNeil,Walker,9,15,8,5,9,9,9,28,4.3,-2.4,1.8,0.2,1.7
1980,NFL,New York Jets,4,12,0,5th of 5,,302,395,-93,Michaels,Todd,Todd,Dierking,Harper,18,20,24,22,23,23,25,28,-5.8,0.7,-5.1,-1.5,-3.6
1979,NFL,New York Jets,8,8,0,3rd of 5,,337,383,-46,Michaels,Powell,Todd,Gaines,Walker,13,9,25,26,11,19,22,28,-2.9,0.0,-2.9,1.1,-4.0
1978,NFL,New York Jets,8,8,0,3rd of 5,,359,364,-5,Michaels,Walker,Robinson,Long,Walker,3,12,27,27,10,10,25,28,-0.3,1.4,1.1,4.4,-3.3
1977,NFL,New York Jets,3,11,0,5th of 5,,191,300,-109,Michaels,Gaines,Todd,Gaines,Walker,22,19,24,26,26,25,26,28,-7.8,1.9,-5.9,-3.8,-2.0
1976,NFL,New York Jets,3,11,0,4th of 5,,169,383,-214,HoltzHolovak,Gaines,Namath,Gaines,Knight,26,25,26,25,27,27,26,28,-15.3,1.5,-13.8,-7.1,-6.8
1975,NFL,New York Jets,3,11,0,4th of 5,,258,433,-175,WinnerShipp,Riggins,Namath,Riggins,Caster,14,14,26,26,21,24,25,26,-12.5,4.2,-8.3,-1.2,-7.1
1974,NFL,New York Jets,7,7,0,4th of 5,,279,300,-21,Winner,Namath,Namath,Riggins,Caster,11,13,24,19,22,17,16,26,-1.5,-1.0,-2.5,1.1,-3.7
1973,NFL,New York Jets,4,10,0,4th of 5,,240,306,-66,Ewbank,Baker,Woodall,Boozer,Barkum,17,16,17,16,15,18,16,26,-4.7,1.3,-3.4,-1.8,-1.6
1972,NFL,New York Jets,7,7,0,2nd of 5,,367,324,43,Ewbank,Namath,Namath,Riggins,Caster,2,2,19,22,12,12,14,26,3.1,-2.6,0.5,4.7,-4.2
1971,NFL,New York Jets,6,8,0,4th of 5,,212,299,-87,Ewbank,Riggins,Davis,Riggins,Caster,23,26,19,19,12,22,24,26,-6.2,0.8,-5.4,-3.7,-1.6
1970,NFL,New York Jets,4,10,0,3rd of 5,,255,286,-31,Ewbank,Elliott,Woodall,Boozer,Maynard,17,14,18,5,12,18,9,26,-2.2,-2.7,-4.9,-2.2,-2.7
1969,AFL,New York Jets*,10,4,0,1st of 5,Lost Div,353,269,84,Ewbank,Namath,Namath,Snell,Maynard,3,4,3,4,1,3,4,10,6.0,-2.0,4.0,3.2,0.8
1968,AFL,New York Jets*,11,3,0,1st of 5,Won SB,419,280,139,Ewbank,Maynard,Namath,Snell,Maynard,2,3,4,1,2,3,1,10,9.9,-2.1,7.9,7.0,0.8
1967,AFL,New York Jets,8,5,1,2nd of 5,,371,329,42,Ewbank,Namath,Namath,Boozer,Maynard,3,1,5,3,5,4,2,9,3.0,-0.6,2.4,3.6,-1.2
1966,AFL,New York Jets,6,6,2,3rd of 5,,322,312,10,Ewbank,Namath,Namath,Snell,Sauer,5,2,6,4,7,6,4,9,0.7,0.0,0.7,0.7,0.0
1965,AFL,New York Jets,5,8,1,2nd of 4,,285,303,-18,Ewbank,Paulson,Namath,Snell,Maynard,7,4,6,5,4,5,4,8,-1.3,0.2,-1.1,-1.1,0.0
1964,AFL,New York Jets,5,8,1,3rd of 4,,278,315,-37,Ewbank,Grantham,Wood,Snell,Turner,7,7,5,6,4,5,7,8,-2.6,0.3,-2.3,-3.6,1.3
1963,AFL,New York Jets,5,8,1,4th of 4,,249,399,-150,Ewbank,Turner,Wood,Smolinski,Turner,8,8,7,8,7,7,8,8,-10.7,1.3,-9.4,-4.7,-4.7
1962,AFL,New York Titans,5,9,0,4th of 4,,278,423,-145,Turner,Grantham,Green,Christy,Powell,7,7,8,7,8,7,7,8,-10.4,1.3,-9.1,-2.3,-6.8
1961,AFL,New York Titans,7,7,0,3rd of 4,,301,390,-89,Baugh,Dorow,Dorow,Mathis,Powell,5,5,6,7,6,6,7,8,-6.4,0.8,-5.6,-2.5,-3.0
1960,AFL,New York Titans,7,7,0,2nd of 4,,382,399,-17,Baugh,Dorow,Dorow,Dorow,Maynard,1,2,8,5,7,5,3,8,-1.2,0.2,-1.1,3.8,-4.9