,,,,,,,,Points,Points,Points,,Top Players,Top Players,Top Players,Top Players,Off Rank,Off Rank,Def Rank,Def Rank,Overall Rank,Overall Rank,Overall Rank,Overall Rank,Simple Rating System,Simple Rating System,Simple Rating System,Simple Rating System,Simple Rating System
Year,Lg,Tm,W,L,T,Div. Finish,Playoffs,PF,PA,PD,Coaches,AV,Passer,Rusher,Receiver,Pts,Yds,Pts,Yds,T/G,Pts±,Yds±,out of,MoV,SoS,SRS,OSRS,DSRS
2022,NFL,Tennessee Titans,7,10,0,2nd of 4,,298,359,-61,Vrabel,Simmons,Tannehill,Henry,Woods,28,30,14,23,22,26,29,32,-3.6,0.0,-3.6,-4.7,1.1
2021,NFL,Tennessee Titans*,12,5,0,1st of 4,Lost Div,419,354,65,Vrabel,Simmons,Tannehill,Henry,Brown,15,17,6,12,20,11,15,32,3.8,-0.4,3.4,1.8,1.6
2020,NFL,Tennessee Titans*,11,5,0,1st of 4,Lost WC,491,439,52,Vrabel,Tannehill,Tannehill,Henry,Brown,4,2,24,28,1,12,16,32,3.3,-1.7,1.6,4.7,-3.1
2019,NFL,Tennessee Titans*,9,7,0,2nd of 4,Lost Conf,402,331,71,Vrabel,Henry,Tannehill,Henry,Brown,10,12,12,21,9,8,15,32,4.4,-1.0,3.4,1.8,1.7
2018,NFL,Tennessee Titans,9,7,0,3rd of 4,,310,303,7,Vrabel,Casey,Mariota,Henry,Davis,27,25,3,8,21,15,25,32,0.4,-0.2,0.2,-3.2,3.5
2017,NFL,Tennessee Titans*,9,7,0,2nd of 4,Lost Div,334,356,-22,Mularkey,Byard,Mariota,Henry,Walker,19,23,17,13,23,16,17,32,-1.4,-2.1,-3.5,-2.0,-1.5
2016,NFL,Tennessee Titans,9,7,0,2nd of 4,,381,378,3,Mularkey,Conklin,Mariota,Murray,Matthews,14,11,16,20,17,20,17,32,0.2,-1.2,-1.0,0.7,-1.7
2015,NFL,Tennessee Titans,3,13,0,4th of 4,,299,423,-124,MularkeyWhisenhunt,Mariota,Mariota,Andrews,Walker,28,30,27,12,30,30,25,32,-7.8,-2.8,-10.5,-5.9,-4.6
2014,NFL,Tennessee Titans,2,14,0,4th of 4,,254,438,-184,Whisenhunt,Casey,Mettenberger,Sankey,Walker,30,29,29,27,28,31,29,32,-11.5,-0.3,-11.8,-7.0,-4.9
2013,NFL,Tennessee Titans,7,9,0,2nd of 4,,362,381,-19,Munchak,Verner,Fitzpatrick,Johnson,Wright,19,22,16,14,14,19,18,32,-1.2,0.4,-0.8,-0.2,-0.6
2012,NFL,Tennessee Titans,6,10,0,3rd of 4,,330,471,-141,Munchak,Johnson,Locker,Johnson,Washington,23,26,32,27,22,28,30,32,-8.8,-1.2,-10.0,-2.6,-7.4
2011,NFL,Tennessee Titans,9,7,0,2nd of 4,,325,317,8,Munchak,Johnson,Hasselbeck,Johnson,Washington,21,17,8,18,13,17,20,32,0.5,-1.5,-1.0,-2.2,1.2
2010,NFL,Tennessee Titans,6,10,0,4th of 4,,356,339,17,Fisher,Johnson,Collins,Johnson,Britt,17,27,15,26,19,16,29,32,1.1,0.0,1.0,-0.9,1.9
2009,NFL,Tennessee Titans,8,8,0,3rd of 4,,354,402,-48,Fisher,Johnson,Young,Johnson,Britt,16,12,28,28,21,21,21,32,-3.0,0.2,-2.8,0.9,-3.6
2008,NFL,Tennessee Titans*,13,3,0,1st of 4,Lost Div,375,234,141,Fisher,Finnegan,Collins,Johnson,Gage,14,21,2,7,2,1,15,32,8.8,0.1,8.9,1.5,7.5
2007,NFL,Tennessee Titans*,10,6,0,3rd of 4,Lost WC,301,297,4,Fisher,Haynesworth,Young,White,Gage,22,21,8,5,16,16,12,32,0.3,0.5,0.7,-2.9,3.6
2006,NFL,Tennessee Titans,8,8,0,2nd of 4,,324,400,-76,Fisher,Young,Young,Henry,Bennett,16,27,31,32,13,26,31,32,-4.8,3.5,-1.3,1.0,-2.3
2005,NFL,Tennessee Titans,4,12,0,3rd of 4,,299,421,-122,Fisher,McNair,McNair,Brown,Bennett,21,17,29,19,20,29,21,32,-7.6,0.1,-7.6,-2.0,-5.5
2004,NFL,Tennessee Titans,5,11,0,4th of 4,,344,439,-95,Fisher,Bennett,Volek,Brown,Bennett,15,11,30,27,20,27,21,32,-5.9,1.5,-4.4,0.3,-4.6
2003,NFL,Tennessee Titans*,12,4,0,2nd of 4,Lost Div,435,324,111,Fisher,Bulluck,McNair,George,Mason,5,8,13,12,3,4,9,32,6.9,-0.5,6.5,7.0,-0.5
2002,NFL,Tennessee Titans*,11,5,0,1st of 4,Lost Conf,367,324,43,Fisher,McNair,McNair,George,Mason,13,17,11,10,11,11,15,32,2.7,-0.9,1.8,1.6,0.1
2001,NFL,Tennessee Titans,7,9,0,4th of 6,,336,388,-52,Fisher,McNair,McNair,George,Mason,12,8,25,25,20,22,18,31,-3.3,1.2,-2.0,2.4,-4.4
2000,NFL,Tennessee Titans*,13,3,0,1st of 6,Lost Div,346,191,155,Fisher,Rolle,McNair,George,Mason,13,14,2,1,16,3,2,31,9.7,-1.3,8.3,1.5,6.8
1999,NFL,Tennessee Titans*,13,3,0,2nd of 6,Lost SB,392,324,68,Fisher,Kearse,McNair,George,Dyson,7,13,15,17,2,6,17,31,4.3,-3.2,1.0,2.0,-1.0
1998,NFL,Tennessee Oilers,8,8,0,2nd of 5,,330,320,10,Fisher,McNair,McNair,George,Wycheck,13,9,12,16,15,13,13,30,0.6,-0.6,0.0,-0.5,0.5
1997,NFL,Tennessee Oilers,8,8,0,3rd of 5,,333,310,23,Fisher,McNair,McNair,George,Wycheck,14,18,12,22,9,13,20,30,1.4,0.2,1.7,-0.3,1.9
1996,NFL,Houston Oilers,8,8,0,4th of 5,,345,319,26,Fisher,Matthews,Chandler,George,Sanders,10,18,16,6,20,11,8,30,1.6,-0.7,1.0,0.1,0.8
1995,NFL,Houston Oilers,7,9,0,2nd of 5,,348,324,24,Fisher,Lewis,Chandler,Thomas,Sanders,15,23,7,5,14,11,11,30,1.5,-0.7,0.8,-0.1,0.9
1994,NFL,Houston Oilers,2,14,0,4th of 4,,226,352,-126,PardeeFisher,Matthews,Tolliver,White,Slaughter,28,26,21,9,26,27,21,28,-7.9,0.6,-7.3,-4.7,-2.6
1993,NFL,Houston Oilers*,12,4,0,1st of 4,Lost Div,368,238,130,Pardee,Childress,Moon,Brown,Slaughter,4,3,4,14,18,3,3,28,8.1,-0.9,7.2,4.1,3.1
1992,NFL,Houston Oilers*,10,6,0,2nd of 4,Lost WC,352,258,94,Pardee,White,Moon,White,Duncan,6,3,9,3,19,7,2,28,5.9,-0.3,5.5,3.0,2.6
1991,NFL,Houston Oilers*,11,5,0,1st of 4,Lost Div,386,251,135,Pardee,Dishman,Moon,Pinkett,Jeffires,4,2,6,9,17,4,3,28,8.4,-0.1,8.4,4.9,3.4
1990,NFL,Houston Oilers*,9,7,0,2nd of 4,Lost WC,405,307,98,Pardee,Moon,Moon,White,Jeffires,2,1,14,11,16,5,2,28,6.1,-0.9,5.2,4.9,0.3
1989,NFL,Houston Oilers*,9,7,0,2nd of 4,Lost WC,365,412,-47,Glanville,Matthews,Moon,Highsmith,Hill,7,9,26,13,14,18,12,28,-2.9,0.4,-2.5,2.8,-5.3
1988,NFL,Houston Oilers*,10,6,0,3rd of 4,Lost Div,424,365,59,Glanville,Matthews,Moon,Rozier,Hill,2,14,22,8,6,8,9,28,3.7,-0.7,3.0,5.3,-2.3
1987,NFL,Houston Oilers*,9,6,0,2nd of 4,Lost Div,345,349,-4,Glanville,Munchak,Moon,Rozier,Hill,10,8,19,17,15,13,10,28,-0.3,2.2,1.9,3.2,-1.2
1986,NFL,Houston Oilers,5,11,0,4th of 4,,274,329,-55,Glanville,Moon,Moon,Rozier,Hill,23,16,16,13,24,21,14,28,-3.4,-0.5,-3.9,-4.4,0.4
1985,NFL,Houston Oilers,5,11,0,4th of 4,,284,412,-128,CampbellGlanville,Munchak,Moon,Rozier,Hill,25,24,23,27,16,24,28,28,-8.0,-0.9,-8.9,-4.9,-4.0
1984,NFL,Houston Oilers,3,13,0,4th of 4,,240,437,-197,Campbell,Moon,Moon,Moriarty,Smith,27,23,26,27,20,26,25,28,-12.3,0.3,-12.0,-5.9,-6.0
1983,NFL,Houston Oilers,2,14,0,4th of 4,,288,460,-172,StudleyBiles,Smith,Luck,Campbell,Smith,22,24,27,22,25,28,23,28,-10.8,-0.8,-11.5,-3.7,-7.9
1982,NFL,Houston Oilers,1,8,0,4th of 4,,136,245,-109,Biles,Brazile,Nielsen,Campbell,Casper,24,28,27,28,26,27,28,28,-12.1,1.1,-11.0,-3.9,-7.1
1981,NFL,Houston Oilers,7,9,0,3rd of 4,,281,355,-74,Biles,Brazile,Stabler,Campbell,Burrough,23,27,18,24,22,24,27,28,-4.6,-0.1,-4.7,-3.1,-1.6
1980,NFL,Houston Oilers*,11,5,0,2nd of 4,Lost WC,295,251,44,Phillips,Brazile,Stabler,Campbell,Barber,20,4,2,5,21,11,4,28,2.8,-1.1,1.6,-2.7,4.4
1979,NFL,Houston Oilers*,11,5,0,2nd of 4,Lost Conf,362,331,31,Phillips,Campbell,Pastorini,Campbell,Burrough,8,22,16,13,2,10,15,28,1.9,2.4,4.4,2.9,1.4
1978,NFL,Houston Oilers*,10,6,0,2nd of 4,Lost Conf,283,298,-15,Phillips,Campbell,Pastorini,Campbell,Burrough,14,16,16,17,19,15,16,28,-0.9,0.5,-0.4,-0.6,0.2
1977,NFL,Houston Oilers,8,6,0,3rd of 4,,299,230,69,Phillips,Burrough,Pastorini,Coleman,Burrough,5,18,14,14,3,7,18,28,4.9,1.7,6.6,4.4,2.3
1976,NFL,Houston Oilers,5,9,0,4th of 4,,222,273,-51,Phillips,Brazile,Pastorini,Coleman,Burrough,22,24,17,10,20,18,18,28,-3.6,1.9,-1.8,-2.7,1.0
1975,NFL,Houston Oilers,10,4,0,3rd of 4,,293,226,67,Phillips,Culp,Pastorini,Coleman,Burrough,12,19,5,11,6,10,16,26,4.8,1.6,6.4,1.2,5.2
1974,NFL,Houston Oilers,7,7,0,2nd of 4,,236,282,-46,Gillman,Bethea,Pastorini,Rodgers,Burrough,17,24,18,22,9,18,25,26,-3.3,1.4,-1.9,-1.3,-0.6
1973,NFL,Houston Oilers,1,13,0,4th of 4,,199,447,-248,GillmanPeterson,Willis,Pastorini,Willis,Parks,23,24,26,24,26,26,26,26,-17.7,1.0,-16.8,-4.4,-12.4
1972,NFL,Houston Oilers,1,13,0,4th of 4,,164,380,-216,Peterson,Bethea,Pastorini,Robinson,Burrough,25,26,25,23,20,25,25,26,-15.4,2.4,-13.0,-7.1,-5.9
1971,NFL,Houston Oilers,4,9,1,3rd of 4,,251,330,-79,Hughes,Houston,Pastorini,Holmes,Joiner,16,22,22,9,24,19,17,26,-5.6,-1.1,-6.7,-3.0,-3.8
1970,NFL,Houston Oilers,3,10,1,4th of 4,,217,352,-135,Lemm,Moore,Johnson,Dawkins,Reed,20,10,25,25,24,24,21,26,-9.6,0.4,-9.2,-3.5,-5.8
1969,AFL,Houston Oilers*,6,6,2,2nd of 5,Lost Div,278,279,-1,Lemm,Farr,Beathard,Granger,LeVias,7,5,5,3,8,5,3,10,-0.1,-1.1,-1.2,-2.1,0.9
1968,AFL,Houston Oilers,7,7,0,2nd of 5,,303,248,55,Lemm,Farr,Beathard,Granger,Reed,5,5,3,2,7,5,4,10,3.9,-0.8,3.1,-1.0,4.1
1967,AFL,Houston Oilers*,9,4,1,1st of 5,Lost Conf,258,199,59,Lemm,Farr,Beathard,Granger,Granger,6,8,1,5,2,3,7,9,4.2,-1.6,2.6,-5.7,8.3
1966,AFL,Houston Oilers,3,11,0,4th of 5,,335,396,-61,Lemm,Frazier,Blanda,Burrell,Frazier,3,7,9,9,7,7,7,9,-4.4,-0.4,-4.8,2.1,-6.9
1965,AFL,Houston Oilers,4,10,0,4th of 4,,298,429,-131,Taylor,Hicks,Blanda,Burrell,Frazier,5,6,8,8,5,8,8,8,-9.4,1.2,-8.2,1.2,-9.4
1964,AFL,Houston Oilers,4,10,0,4th of 4,,310,355,-45,Baugh,Hennigan,Blanda,Blanks,Hennigan,5,3,7,8,6,6,6,8,-3.2,0.4,-2.8,-0.8,-2.0
1963,AFL,Houston Oilers,6,8,0,3rd of 4,,302,372,-70,Ivy,Banfield,Blanda,Tolar,Hennigan,6,4,6,6,5,6,6,8,-5.0,0.6,-4.4,-1.1,-3.3
1962,AFL,Houston Oilers*,11,3,0,1st of 4,Lost Champ,387,270,117,Ivy,Banfield,Blanda,Tolar,Hennigan,2,1,2,2,5,2,2,8,8.4,-1.0,7.3,4.1,3.3
1961,AFL,Houston Oilers*,10,3,1,1st of 4,Won Champ,513,242,271,LemmRymkus,Hennigan,Blanda,Cannon,Hennigan,1,1,2,2,3,1,1,8,19.4,-2.4,16.9,11.4,5.5
1960,AFL,Houston Oilers*,10,4,0,1st of 4,Won Champ,379,285,94,Rymkus,Johnston,Blanda,Cannon,Groman,2,1,2,6,2,2,5,8,6.7,-0.8,5.9,2.4,3.5